{
    "eval_type": "synthetic",
    "dataset": "data/adult/",
    "metrics": {
        "train": {
            "0": {
                "precision": 0.8978132073154327,
                "recall": 0.9367216055748449,
                "f1-score": 0.9168548049931315,
                "support": 163879
            },
            "1": {
                "precision": 0.7696528132566249,
                "recall": 0.6647800310815218,
                "f1-score": 0.7133827465513691,
                "support": 52121
            },
            "accuracy": 0.8711018518518518,
            "macro avg": {
                "precision": 0.8337330102860288,
                "recall": 0.8007508183281833,
                "f1-score": 0.8151187757722503,
                "support": 216000
            },
            "weighted avg": {
                "precision": 0.8668879855620109,
                "recall": 0.8711018518518518,
                "f1-score": 0.8677568088910801,
                "support": 216000
            },
            "roc_auc": 0.9281589669740855,
            "score": 0.8711018518518518
        },
        "val": {
            "0": {
                "precision": 0.8928363424577752,
                "recall": 0.9300303336703741,
                "f1-score": 0.911053882725832,
                "support": 4945
            },
            "1": {
                "precision": 0.7459618208516887,
                "recall": 0.6479591836734694,
                "f1-score": 0.6935153583617747,
                "support": 1568
            },
            "accuracy": 0.8621219100261016,
            "macro avg": {
                "precision": 0.819399081654732,
                "recall": 0.7889947586719217,
                "f1-score": 0.8022846205438033,
                "support": 6513
            },
            "weighted avg": {
                "precision": 0.8574764084982567,
                "recall": 0.8621219100261016,
                "f1-score": 0.858681641638339,
                "support": 6513
            },
            "roc_auc": 0.9173353315036833,
            "score": 0.8621219100261016
        },
        "test": {
            "0": {
                "precision": 0.8925536845357639,
                "recall": 0.9292320064334539,
                "f1-score": 0.9105236200307315,
                "support": 12435
            },
            "1": {
                "precision": 0.7361319340329835,
                "recall": 0.6383255330213209,
                "f1-score": 0.6837487815067539,
                "support": 3846
            },
            "accuracy": 0.8605122535470794,
            "macro avg": {
                "precision": 0.8143428092843736,
                "recall": 0.7837787697273875,
                "f1-score": 0.7971362007687427,
                "support": 16281
            },
            "weighted avg": {
                "precision": 0.8556027569248251,
                "recall": 0.8605122535470794,
                "f1-score": 0.8569534444295265,
                "support": 16281
            },
            "roc_auc": 0.9135504101305989,
            "score": 0.8605122535470794
        }
    }
}
