{
    "eval_type": "synthetic",
    "dataset": "data/adult/",
    "metrics": {
        "train": {
            "0": {
                "precision": 0.9099842767295597,
                "recall": 0.9484033957712179,
                "f1-score": 0.9287967100937267,
                "support": 87874
            },
            "1": {
                "precision": 0.7590348639455783,
                "recall": 0.6340229068631803,
                "f1-score": 0.6909196458807024,
                "support": 22526
            },
            "accuracy": 0.8842572463768116,
            "macro avg": {
                "precision": 0.834509570337569,
                "recall": 0.7912131513171992,
                "f1-score": 0.8098581779872145,
                "support": 110400
            },
            "weighted avg": {
                "precision": 0.8791845804218426,
                "recall": 0.8842572463768116,
                "f1-score": 0.8802603083866382,
                "support": 110400
            },
            "roc_auc": 0.9397424016110045,
            "score": 0.8842572463768116
        },
        "val": {
            "0": {
                "precision": 0.8805224740683827,
                "recall": 0.9269969666329626,
                "f1-score": 0.9031622500246281,
                "support": 4945
            },
            "1": {
                "precision": 0.7237949502677888,
                "recall": 0.6033163265306123,
                "f1-score": 0.6580869565217392,
                "support": 1568
            },
            "accuracy": 0.8490710885920467,
            "macro avg": {
                "precision": 0.8021587121680858,
                "recall": 0.7651566465817874,
                "f1-score": 0.7806246032731836,
                "support": 6513
            },
            "weighted avg": {
                "precision": 0.8427904370164356,
                "recall": 0.8490710885920467,
                "f1-score": 0.8441605518498193,
                "support": 6513
            },
            "roc_auc": 0.9040633834423557,
            "score": 0.8490710885920467
        },
        "test": {
            "0": {
                "precision": 0.8814492088970419,
                "recall": 0.9273823884197828,
                "f1-score": 0.9038325887608747,
                "support": 12435
            },
            "1": {
                "precision": 0.7176360225140713,
                "recall": 0.5967238689547582,
                "f1-score": 0.651618398637138,
                "support": 3846
            },
            "accuracy": 0.8492721577298692,
            "macro avg": {
                "precision": 0.7995426157055566,
                "recall": 0.7620531286872705,
                "f1-score": 0.7777254936990063,
                "support": 16281
            },
            "weighted avg": {
                "precision": 0.8427522299136315,
                "recall": 0.8492721577298692,
                "f1-score": 0.8442529698667103,
                "support": 16281
            },
            "roc_auc": 0.9012569887596469,
            "score": 0.8492721577298692
        }
    }
}
